Region,Pop,Individual,Latitude,Longitude,LTRS,WNT,EN,EF,ZMP,AML,ATPS,MP20,,,,,,,,
NBP,88,88_11A,29.32541,-114.29353,1,1,-9,-9,2,4,1,2,-9,-9,-9,-9,9,9,7,7
NBP,88,88_12A,29.32541,-114.29353,1,1,1,3,1,1,1,1,1,1,8,9,9,9,7,7
NBP,88,88_13A,29.32541,-114.29353,1,1,1,3,1,1,1,1,1,1,8,9,9,9,5,7
NBP,88,88_14A,29.32541,-114.29353,1,1,1,1,1,2,1,1,1,1,8,9,9,9,7,7
NBP,88,88_15A,29.32541,-114.29353,1,1,1,3,1,2,1,1,1,1,8,9,9,9,5,5
NBP,88,88_16A,29.32541,-114.29353,1,1,1,1,1,2,1,1,1,1,9,9,9,9,7,7
NBP,88,88_17A,29.32541,-114.29353,1,1,1,1,1,2,1,1,1,1,7,9,9,9,5,7
NBP,88,88_18A,29.32541,-114.29353,1,1,1,1,1,2,1,1,1,1,7,7,9,9,5,7
NBP,88,88_19A,29.32541,-114.29353,1,1,1,3,1,2,1,1,1,1,9,10,9,9,7,7
NBP,88,88_20A,29.32541,-114.29353,1,1,1,1,1,1,1,1,1,2,7,8,9,9,7,7
NBP,9,9_0A,29.01457,-113.94486,1,1,1,1,1,2,1,1,1,1,6,9,9,9,7,7
NBP,9,9_1A,29.01457,-113.94486,1,1,1,1,1,2,1,1,1,1,9,9,9,9,7,7
NBP,9,9_2A,29.01457,-113.94486,1,1,1,1,1,2,1,1,1,1,9,9,9,9,7,7
NBP,9,9_3A,29.01457,-113.94486,1,1,1,1,1,2,1,1,1,1,6,6,9,9,7,7
NBP,9,9_11A,29.01457,-113.94486,1,1,1,3,1,2,1,1,1,1,9,9,7,9,5,7
NBP,9,9_12A,29.01457,-113.94486,1,1,1,1,1,1,1,1,1,1,9,9,9,9,7,7
NBP,9,9_16A,29.01457,-113.94486,1,1,1,3,1,1,1,1,1,1,9,10,5,9,7,7
NBP,9,9_17A,29.01457,-113.94486,1,1,1,1,1,2,1,1,1,1,7,9,9,9,7,7
NBP,9,9_18A,29.01457,-113.94486,1,1,1,3,1,1,1,1,1,1,9,9,9,9,7,7
NBP,84,84_11A,28.96651,-113.66787,1,1,1,3,1,1,1,1,1,1,9,9,9,9,5,7
NBP,84,84_12A,28.96651,-113.66787,1,1,1,1,1,1,1,1,1,2,8,9,9,9,5,15
NBP,84,84_13A,28.96651,-113.66787,1,1,1,1,1,2,1,1,1,1,7,9,7,9,7,7
NBP,84,84_14A,28.96651,-113.66787,1,1,-9,-9,1,1,1,2,-9,-9,-9,-9,5,9,7,7
NBP,84,84_15A,28.96651,-113.66787,1,1,1,1,1,5,1,1,1,1,7,7,9,9,7,7
NBP,84,84_16A,28.96651,-113.66787,1,1,1,1,1,1,1,1,1,1,9,9,9,9,7,7
NBP,84,84_17A,28.96651,-113.66787,1,1,1,1,1,2,1,1,1,1,7,9,9,9,5,5
NBP,84,84_18A,28.96651,-113.66787,1,1,1,1,1,2,1,1,1,1,9,9,9,9,5,7
NBP,84,84_20A,28.96651,-113.66787,1,1,1,3,1,5,1,1,1,1,9,9,7,9,7,7
NBP,175,175_1A,28.72796,-113.48973,1,1,1,1,1,2,1,1,1,2,8,9,9,9,5,7
NBP,175,175_2A,28.72796,-113.48973,1,1,1,1,1,2,1,1,1,1,9,9,9,9,5,7
NBP,175,175_3A,28.72796,-113.48973,1,1,1,1,1,1,1,1,2,2,9,9,9,9,5,5
NBP,175,175_4A,28.72796,-113.48973,1,1,1,3,1,1,1,1,1,2,6,9,9,9,7,7
NBP,175,175_5A,28.72796,-113.48973,1,1,1,1,1,1,1,1,2,2,8,9,9,9,5,7
NBP,175,175_6A,28.72796,-113.48973,1,1,1,1,1,1,1,1,2,2,8,8,9,9,7,7
NBP,175,175_7A,28.72796,-113.48973,1,1,3,3,1,2,1,1,2,2,9,10,9,9,5,7
NBP,177,177_1A,28.66056,-113.99141,1,1,1,3,1,1,1,1,2,2,7,7,9,9,5,7
NBP,177,177_2A,28.66056,-113.99141,1,1,1,1,1,1,1,1,2,2,6,9,9,9,5,7
NBP,177,177_3A,28.66056,-113.99141,1,1,1,3,1,1,1,1,2,2,7,9,9,9,7,7
NBP,177,177_4A,28.66056,-113.99141,1,1,1,3,1,1,1,1,1,2,6,8,9,9,7,7
NBP,177,177_5A,28.66056,-113.99141,1,1,1,1,1,1,1,1,2,2,8,9,9,9,7,7
NBP,177,177_6A,28.66056,-113.99141,1,1,1,3,1,1,1,1,1,1,9,10,9,9,7,7
NBP,177,177_7A,28.66056,-113.99141,1,1,1,3,1,2,1,1,1,1,9,9,9,9,7,7
NBP,177,177_8A,28.66056,-113.99141,1,1,1,1,1,2,1,1,1,2,6,9,9,9,7,7
NBP,177,177_9A,28.66056,-113.99141,1,1,1,1,1,2,1,1,1,1,9,9,9,9,5,5
NBP,177,177_10A,28.66056,-113.99141,1,1,1,1,1,2,1,1,1,1,7,9,9,9,5,8
NBP,173,173_1A,28.40846,-112.86985,1,1,3,3,1,1,1,1,2,2,8,8,7,10,7,7
NBP,173,173_2A,28.40846,-112.86985,1,1,3,3,1,1,1,1,2,2,9,9,9,9,7,7
NBP,173,173_3A,28.40846,-112.86985,1,1,3,3,1,1,1,1,2,2,7,8,9,9,5,7
NBP,173,173_4A,28.40846,-112.86985,1,2,3,3,1,1,1,1,1,2,7,9,9,9,5,5
NBP,173,173_5A,28.40846,-112.86985,1,1,3,3,1,1,1,1,1,1,7,8,9,9,6,7
NBP,173,173_6A,28.40846,-112.86985,1,1,3,3,1,1,1,1,2,2,7,7,7,9,5,7
NBP,173,173_7A,28.40846,-112.86985,1,2,3,3,1,3,1,1,1,1,7,7,7,9,5,7
NBP,173,173_8A,28.40846,-112.86985,1,1,1,3,1,1,1,1,2,2,8,8,9,9,5,7
NBP,173,173_9A,28.40846,-112.86985,1,1,3,3,1,3,1,1,1,2,8,9,9,9,4,7
NBP,173,173_10A,28.40846,-112.86985,1,1,1,3,1,1,1,1,2,2,8,8,9,9,6,7
NBP,171,171_1A,28.22308,-113.18263,1,1,3,3,1,1,1,1,-9,-9,8,9,9,9,5,6
NBP,171,171_2A,28.22308,-113.18263,1,1,1,1,1,2,1,1,2,2,7,9,7,9,5,5
NBP,171,171_3A,28.22308,-113.18263,1,1,1,3,1,1,1,1,2,2,8,8,9,9,5,7
NBP,171,171_4A,28.22308,-113.18263,1,1,1,1,1,1,1,1,2,2,7,7,9,9,5,5
NBP,171,171_5A,28.22308,-113.18263,1,1,1,3,1,1,1,1,2,2,9,9,9,9,7,7
NBP,171,171_6A,28.22308,-113.18263,1,1,1,3,3,3,1,1,2,2,8,8,9,9,5,5
NBP,171,171_7A,28.22308,-113.18263,1,2,3,3,1,1,1,1,1,2,7,8,9,9,7,7
NBP,171,171_8A,28.22308,-113.18263,1,2,1,3,1,1,1,1,2,2,8,8,7,9,7,7
NBP,171,171_9A,28.22308,-113.18263,1,1,1,3,1,1,1,1,1,2,8,9,9,9,7,7
NBP,171,171_10A,28.22308,-113.18263,1,1,1,3,1,1,1,1,2,2,8,8,9,9,5,7
NBP,89,89_31A,28.03661,-113.39991,1,1,3,3,1,3,1,1,2,2,7,9,9,10,5,7
NBP,89,89_32A,28.03661,-113.39991,1,1,3,3,1,1,1,1,2,2,9,9,9,10,5,7
NBP,89,89_33A,28.03661,-113.39991,1,1,3,3,3,3,1,1,2,2,8,9,7,9,7,8
NBP,89,89_34A,28.03661,-113.39991,1,2,3,3,1,1,1,1,-9,-9,7,10,9,9,7,7
NBP,89,89_35A,28.03661,-113.39991,1,1,3,3,3,5,1,1,2,2,7,8,7,9,5,7
NBP,89,89_36A,28.03661,-113.39991,1,1,3,3,1,1,1,1,2,2,8,9,7,7,5,7
NBP,89,89_37A,28.03661,-113.39991,1,2,3,3,1,1,1,1,2,2,7,9,7,9,5,7
NBP,89,89_38A,28.03661,-113.39991,1,1,3,3,1,1,1,1,2,2,7,9,9,9,5,7
NBP,89,89_39A,28.03661,-113.39991,1,1,3,3,1,1,1,1,2,2,7,7,7,9,5,7
NBP,89,89_40A,28.03661,-113.39991,1,1,1,3,1,1,1,1,2,2,7,7,9,9,7,7
NBP,159,159_11A,27.52944,-113.31609,1,1,1,3,1,3,1,1,2,2,8,9,9,9,5,7
NBP,159,159_12A,27.52944,-113.31609,1,1,1,3,2,5,1,1,2,2,7,8,9,9,4,7
NBP,159,159_13A,27.52944,-113.31609,1,1,1,3,1,1,1,1,2,2,7,8,7,9,5,7
NBP,159,159_14A,27.52944,-113.31609,1,1,1,3,1,1,1,1,2,2,8,11,7,9,5,7
NBP,159,159_15A,27.52944,-113.31609,1,2,1,3,1,1,1,1,2,2,8,8,9,9,4,7
NBP,159,159_16A,27.52944,-113.31609,1,2,3,3,1,1,1,1,2,2,7,8,9,9,5,7
NBP,159,159_17A,27.52944,-113.31609,1,1,3,3,1,1,1,2,2,2,8,9,9,9,5,7
NBP,159,159_18A,27.52944,-113.31609,1,1,3,3,1,1,1,1,2,2,8,9,9,9,5,7
NBP,159,159_19A,27.52944,-113.31609,1,1,3,3,3,3,1,1,2,2,8,8,7,9,5,7
NBP,SFr,SFr_1A,27.3632,-112.964,1,1,3,3,1,1,1,2,2,2,7,7,5,5,5,7
NBP,SFr,SFr_2A,27.3632,-112.964,1,1,3,3,1,1,2,2,2,2,6,8,5,5,5,7
NBP,SFr,SFr_3A,27.3632,-112.964,1,2,3,3,1,1,1,2,2,2,8,9,5,5,7,7
NBP,SFr,SFr_4A,27.3632,-112.964,1,1,3,3,1,1,1,2,1,2,7,8,5,5,6,7
NBP,SFr,SFr_5A,27.3632,-112.964,1,2,3,3,1,1,1,2,2,2,7,7,5,5,5,5
NBP,SFr,SFr_6A,27.3632,-112.964,2,2,3,3,1,1,2,2,2,2,6,7,5,5,7,7
NBP,SFr,SFr_7A,27.3632,-112.964,1,1,1,3,1,1,1,2,2,2,9,9,5,5,5,7
NBP,SFr,SFr_8A,27.3632,-112.964,1,1,1,3,1,1,1,2,2,2,8,8,5,5,7,8
NBP,SFr,SFr_9A,27.3632,-112.964,1,1,3,3,1,1,2,2,2,2,7,7,5,5,7,7
CBP,160,160_11A,27.40498,-112.52959,1,1,3,3,1,1,2,2,1,1,8,8,5,5,6,7
CBP,160,160_12A,27.40498,-112.52959,1,1,3,3,1,1,2,2,2,2,7,9,5,7,5,6
CBP,160,160_13A,27.40498,-112.52959,1,2,3,3,1,1,2,2,2,2,9,9,5,5,5,5
CBP,160,160_14A,27.40498,-112.52959,1,1,3,3,1,1,1,1,2,2,9,9,5,5,5,7
CBP,160,160_15A,27.40498,-112.52959,1,1,1,3,1,1,2,2,2,2,2,9,5,5,4,8
CBP,160,160_16A,27.40498,-112.52959,1,2,3,3,1,1,2,2,2,2,7,7,5,5,5,5
CBP,160,160_17A,27.40498,-112.52959,1,1,1,4,1,1,1,1,2,2,8,8,5,5,5,6
CBP,160,160_18A,27.40498,-112.52959,2,2,3,3,1,1,2,2,1,2,7,8,5,5,7,8
CBP,160,160_19A,27.40498,-112.52959,1,1,1,1,1,1,1,1,2,2,6,7,5,5,5,5
CBP,160,160_20A,27.40498,-112.52959,1,1,3,3,1,1,1,2,1,1,7,8,5,5,7,7
CBP,162,162_2A,27.2028,-112.408,1,1,1,1,1,1,1,1,-9,-9,7,7,5,5,6,6
CBP,162,162_3A,27.2028,-112.408,1,1,1,3,1,1,1,1,2,2,7,13,5,5,5,5
CBP,162,162_4A,27.2028,-112.408,1,1,3,3,1,1,1,2,2,2,8,8,5,5,7,7
CBP,162,162_5A,27.2028,-112.408,1,2,1,1,1,1,2,2,-9,-9,7,8,5,5,6,6
CBP,162,162_6A,27.2028,-112.408,1,1,3,3,1,3,2,2,2,2,7,8,5,5,5,7
CBP,162,162_7A,27.2028,-112.408,1,1,1,3,1,1,1,1,2,2,8,8,5,5,6,8
CBP,162,162_8A,27.2028,-112.408,1,1,1,3,1,1,1,2,-9,-9,7,7,5,7,5,6
CBP,162,162_10A,27.2028,-112.408,1,1,3,3,1,1,2,2,1,2,8,8,5,5,5,7
CBP,162,162_11A,27.2028,-112.408,1,1,1,1,1,1,2,2,2,2,7,7,5,5,5,7
CBP,162,162_12A,27.2028,-112.408,1,1,1,3,1,1,1,1,2,2,5,7,5,5,5,6
CBP,12,12_1A,27.18232,-112.66552,1,1,1,3,1,1,1,1,1,2,8,10,5,5,5,5
CBP,12,12_2A,27.18232,-112.66552,1,2,1,3,1,1,2,2,2,2,7,7,5,5,5,7
CBP,12,12_3A,27.18232,-112.66552,1,1,1,3,1,1,2,2,2,2,7,8,5,5,5,8
CBP,12,12_4A,27.18232,-112.66552,1,1,3,3,1,1,2,2,1,2,8,8,5,5,4,6
CBP,12,12_5A,27.18232,-112.66552,1,2,3,3,1,1,2,2,1,2,8,8,5,5,5,7
CBP,12,12_6A,27.18232,-112.66552,1,1,1,3,1,1,2,2,2,2,8,8,5,5,7,7
CBP,12,12_7A,27.18232,-112.66552,1,2,1,3,1,1,1,1,2,2,6,7,5,5,5,5
CBP,12,12_8A,27.18232,-112.66552,1,1,3,3,1,1,1,1,1,2,1,7,5,5,7,8
CBP,12,12_9A,27.18232,-112.66552,1,2,1,3,1,1,1,1,2,2,7,7,5,5,5,6
CBP,12,12_10A,27.18232,-112.66552,1,1,3,3,1,1,1,2,2,2,8,8,5,5,5,5
CBP,161,161_1A,27.0367,-112.986,1,1,3,3,1,1,1,2,2,2,7,9,5,5,5,7
CBP,161,161_2A,27.0367,-112.986,1,1,1,3,1,1,1,2,2,2,8,9,5,5,4,6
CBP,161,161_3A,27.0367,-112.986,1,1,3,3,1,1,1,2,2,2,7,8,5,5,6,7
CBP,161,161_4A,27.0367,-112.986,1,1,3,3,1,1,1,2,-9,-9,7,8,5,5,5,6
CBP,161,161_5A,27.0367,-112.986,1,1,1,3,1,1,2,2,2,2,8,8,5,5,5,8
CBP,161,161_6A,27.0367,-112.986,1,1,1,3,1,1,1,2,2,2,8,8,5,5,5,6
CBP,161,161_7A,27.0367,-112.986,1,1,1,3,1,1,1,2,2,2,7,9,5,5,6,8
CBP,161,161_8A,27.0367,-112.986,1,2,1,3,1,1,2,2,2,2,7,8,5,5,7,7
CBP,161,161_9A,27.0367,-112.986,1,1,3,4,1,1,2,2,2,2,8,10,5,5,5,8
CBP,161,161_10A,27.0367,-112.986,1,1,1,1,1,1,1,2,2,2,7,8,5,5,5,7
CBP,93,93_11A,26.94589,-112.04613,1,2,3,3,1,1,1,1,2,2,7,7,5,5,7,8
CBP,93,93_12A,26.94589,-112.04613,1,2,3,3,1,1,1,1,1,2,6,9,5,5,5,6
CBP,93,93_13A,26.94589,-112.04613,1,1,3,3,1,1,1,2,2,2,7,9,5,5,5,7
CBP,93,93_14A,26.94589,-112.04613,1,2,3,3,1,1,2,2,2,2,7,8,5,5,6,6
CBP,93,93_15A,26.94589,-112.04613,1,1,1,3,1,1,1,2,2,2,8,8,5,5,6,7
CBP,93,93_16A,26.94589,-112.04613,1,2,3,3,1,1,1,2,2,2,7,8,5,5,5,7
CBP,93,93_17A,26.94589,-112.04613,1,1,3,3,1,1,1,2,2,2,8,8,5,5,5,5
CBP,93,93_18A,26.94589,-112.04613,1,1,1,1,1,1,2,2,1,2,8,8,5,5,5,5
CBP,93,93_19A,26.94589,-112.04613,1,2,3,3,1,1,1,1,-9,-9,8,9,5,5,7,7
CBP,93,93_20A,26.94589,-112.04613,1,2,1,1,1,1,2,2,-9,-9,8,8,5,5,5,5
CBP,165,165_1A,26.24905,-112.40948,1,1,3,3,1,1,1,2,2,2,8,8,5,5,6,6
CBP,165,165_2A,26.24905,-112.40948,1,2,1,3,1,1,1,1,1,2,7,10,5,5,7,7
CBP,165,165_3A,26.24905,-112.40948,1,1,1,1,1,4,2,2,2,2,7,8,5,5,5,7
CBP,165,165_4A,26.24905,-112.40948,1,1,1,4,1,4,2,2,1,1,7,8,5,5,6,7
CBP,165,165_5A,26.24905,-112.40948,1,2,1,1,1,1,1,1,2,2,7,8,5,5,5,7
CBP,165,165_6A,26.24905,-112.40948,1,2,1,1,1,1,2,2,1,2,7,7,5,5,5,6
CBP,165,165_7A,26.24905,-112.40948,2,2,1,4,1,1,2,2,2,2,8,8,5,5,5,8
CBP,165,165_9A,26.24905,-112.40948,1,2,3,4,1,1,1,2,2,2,7,10,5,5,5,5
CBP,165,165_10A,26.24905,-112.40948,1,1,1,3,1,1,2,2,1,2,8,8,5,5,5,6
CBP,165,165_11A,26.24905,-112.40948,1,1,3,3,1,1,2,2,2,2,7,9,5,5,5,6
CBP,169,169_1A,26.20876,-111.37833,1,1,1,4,1,1,2,2,2,2,7,7,5,5,5,5
CBP,169,169_2A,26.20876,-111.37833,1,2,3,3,1,1,1,2,1,2,7,7,5,5,5,5
CBP,169,169_3A,26.20876,-111.37833,1,2,3,3,1,1,2,2,2,2,7,8,5,5,5,7
CBP,169,169_4A,26.20876,-111.37833,1,1,3,4,1,1,2,2,1,2,7,8,5,5,5,6
CBP,169,169_5A,26.20876,-111.37833,1,1,1,3,1,1,1,2,2,2,7,9,5,5,5,5
CBP,169,169_6A,26.20876,-111.37833,1,2,3,4,1,1,1,1,1,2,8,8,5,5,5,7
CBP,169,169_7A,26.20876,-111.37833,1,1,3,3,1,1,1,2,1,2,8,9,5,5,5,7
CBP,169,169_8A,26.20876,-111.37833,1,2,1,3,1,1,1,2,1,2,7,7,5,5,7,7
CBP,169,169_9A,26.20876,-111.37833,1,2,1,3,1,1,1,2,2,2,7,8,5,5,5,8
CBP,169,169_10A,26.20876,-111.37833,2,2,1,1,1,1,2,2,2,2,8,9,5,5,5,7
CBP,58,58_11A,26.0155,-111.35475,2,2,3,3,1,1,2,2,2,2,7,7,5,5,5,7
CBP,58,58_12A,26.0155,-111.35475,2,2,1,3,1,1,2,2,1,2,9,9,5,5,5,7
CBP,58,58_13A,26.0155,-111.35475,1,2,1,3,1,1,2,2,1,2,8,8,5,5,5,5
CBP,58,58_14A,26.0155,-111.35475,1,2,3,3,1,1,2,2,2,2,7,7,5,5,5,7
CBP,58,58_15A,26.0155,-111.35475,1,2,3,3,1,1,2,2,1,2,8,8,5,5,5,7
CBP,58,58_17A,26.0155,-111.35475,2,2,1,1,1,1,2,2,1,2,8,9,5,5,5,5
CBP,58,58_18A,26.0155,-111.35475,2,2,3,3,1,1,2,2,2,2,7,7,5,5,5,8
CBP,58,58_19A,26.0155,-111.35475,1,2,3,3,1,1,2,2,2,2,7,7,5,5,5,5
CBP,58,58_20A,26.0155,-111.35475,2,2,3,3,1,1,2,2,2,2,7,8,5,5,5,7
CBP,166,166_1A,25.91409,-112.08062,2,2,1,3,1,1,1,1,2,2,7,9,5,5,5,5
CBP,166,166_2A,25.91409,-112.08062,1,1,2,2,1,2,1,1,2,2,3,4,3,3,18,18
CBP,166,166_3A,25.91409,-112.08062,1,1,3,3,1,1,2,2,2,2,5,9,5,5,5,8
CBP,166,166_4A,25.91409,-112.08062,1,1,1,3,1,1,2,2,2,2,7,8,5,5,6,6
CBP,166,166_5A,25.91409,-112.08062,1,1,1,3,1,1,2,2,1,1,8,8,5,5,5,5
CBP,166,166_6A,25.91409,-112.08062,2,2,2,2,2,2,1,1,2,2,4,4,3,3,18,18
CBP,166,166_7A,25.91409,-112.08062,1,2,3,3,1,1,2,2,2,2,7,8,5,5,5,8
CBP,166,166_8A,25.91409,-112.08062,1,2,3,3,1,1,2,2,2,2,7,8,5,5,5,7
CBP,166,166_9A,25.91409,-112.08062,1,1,3,3,1,1,2,2,2,2,5,5,5,5,5,7
CBP,166,166_10A,25.91409,-112.08062,1,1,3,3,1,1,2,2,1,2,7,7,5,5,5,5
CBP,64,64_5A,25.60521,-111.32638,1,2,3,3,1,1,2,2,1,2,7,7,5,5,7,7
CBP,64,64_6A,25.60521,-111.32638,1,1,1,3,1,1,2,2,1,2,7,7,5,5,7,7
CBP,64,64_7A,25.60521,-111.32638,1,1,1,3,1,1,2,2,1,1,6,6,5,5,7,7
CBP,64,64_8A,25.60521,-111.32638,1,1,1,3,1,1,2,2,1,2,6,8,5,5,7,7
CBP,64,64_14A,25.60521,-111.32638,2,2,1,3,1,1,2,2,1,1,7,7,5,5,7,7
CBP,168,168_1A,25.55757,-111.21563,1,1,3,3,1,1,2,2,1,1,7,8,5,5,5,7
CBP,168,168_2A,25.55757,-111.21563,1,1,1,3,1,1,2,2,1,1,7,9,5,5,6,7
CBP,168,168_3A,25.55757,-111.21563,1,2,3,3,1,4,2,2,1,1,7,7,5,5,6,6
CBP,168,168_4A,25.55757,-111.21563,1,2,3,3,1,4,2,2,1,2,7,8,5,5,7,7
CBP,168,168_5A,25.55757,-111.21563,1,2,3,3,1,1,2,2,1,2,7,9,5,5,6,7
CBP,168,168_6A,25.55757,-111.21563,1,1,3,3,1,1,2,2,1,1,8,8,5,5,5,6
CBP,168,168_7A,25.55757,-111.21563,1,1,3,4,1,1,2,2,1,1,8,8,5,5,5,7
CBP,168,168_8A,25.55757,-111.21563,1,1,3,4,1,1,2,2,1,2,7,9,5,5,7,7
CBP,168,168_9A,25.55757,-111.21563,1,2,1,3,1,1,2,2,2,2,8,8,5,5,5,5
CBP,168,168_10A,25.55757,-111.21563,1,2,1,3,1,1,2,2,1,2,7,7,5,5,6,6
CBP,51,51_13A,25.34819,-111.60056,2,2,3,5,1,1,2,2,1,2,8,8,5,5,5,5
CBP,51,51_15A,25.34819,-111.60056,2,2,3,5,1,1,2,2,2,2,6,7,5,5,5,7
CBP,51,51_16A,25.34819,-111.60056,2,2,3,4,1,1,2,2,1,2,8,8,5,5,5,6
CBP,51,51_17A,25.34819,-111.60056,1,2,3,3,1,1,2,2,1,2,7,8,5,5,5,5
CBP,51,51_18A,25.34819,-111.60056,2,2,3,3,1,1,2,2,1,2,7,7,5,5,5,5
CBP,51,51_19A,25.34819,-111.60056,1,2,3,3,1,1,2,2,1,2,8,8,5,5,5,7
CBP,51,51_20A,25.34819,-111.60056,2,2,3,3,1,1,2,2,1,2,8,8,5,5,5,5
CBP,Const,Con_1A,25.0247,-111.675,1,2,2,2,2,2,1,1,2,2,4,4,3,3,18,18
CBP,Const,Con_2A,25.0247,-111.675,2,2,2,2,1,1,1,1,2,2,3,3,3,3,19,19
CBP,Const,Con_3A,25.0247,-111.675,2,2,2,2,1,1,1,1,2,2,4,4,3,3,18,18
CBP,Const,Con_4A,25.0247,-111.675,2,2,1,1,1,1,1,1,1,2,8,8,5,5,5,7
CBP,Const,Con_5A,25.0247,-111.675,1,2,1,1,1,1,1,2,-9,-9,-9,-9,9,9,18,18
CBP,Const,Con_6A,25.0247,-111.675,2,2,2,2,2,2,1,1,2,2,4,4,3,3,18,19
CBP,Const,Con_7A,25.0247,-111.675,2,2,2,2,1,2,1,1,2,2,3,4,3,3,18,18
CBP,Const,Con_8A,25.0247,-111.675,1,2,1,1,1,1,2,2,2,2,7,8,5,5,5,5
CBP,Const,Con_9A,25.0247,-111.675,2,2,2,2,2,2,1,1,2,2,3,3,3,3,18,18
CBP,Const,Con_10A,25.0247,-111.675,2,2,2,2,2,2,1,1,2,2,3,4,3,3,18,18
CBP,Const,Con_11A,25.0247,-111.675,1,2,1,4,1,1,1,2,1,2,8,8,5,5,5,5
CBP,77,77_11A,24.87611,-110.69175,1,2,3,4,1,1,1,1,2,2,7,7,5,5,6,6
CBP,77,77_12A,24.87611,-110.69175,1,1,3,3,1,1,2,2,2,2,7,7,5,5,5,6
CBP,77,77_13A,24.87611,-110.69175,1,1,3,3,1,1,1,1,2,2,7,7,5,5,6,6
CBP,77,77_14A,24.87611,-110.69175,2,2,2,2,1,1,1,1,2,2,4,4,3,3,18,18
CBP,77,77_15A,24.87611,-110.69175,1,2,3,3,1,1,1,2,2,2,7,8,5,5,5,6
CBP,77,77_16A,24.87611,-110.69175,1,2,3,3,1,1,1,1,2,2,7,7,5,5,6,6
CBP,77,77_17A,24.87611,-110.69175,2,2,3,3,1,1,2,2,2,2,7,8,5,5,5,6
CBP,77,77_18A,24.87611,-110.69175,1,1,3,3,1,1,1,1,2,2,7,8,5,5,6,7
CBP,77,77_19A,24.87611,-110.69175,1,1,3,3,1,1,1,1,2,2,7,7,5,5,6,6
CBP,77,77_20A,24.87611,-110.69175,1,2,3,3,1,1,1,1,2,2,9,9,5,5,5,6
CBP,164,164_12A,24.74642,-111.5441,1,1,1,2,1,2,1,1,2,2,3,4,3,3,18,18
CBP,164,164_13A,24.74642,-111.5441,1,2,1,4,1,1,2,2,2,2,8,8,5,5,5,6
CBP,164,164_14A,24.74642,-111.5441,2,2,2,2,2,2,1,1,2,2,3,5,3,3,18,18
CBP,164,164_15A,24.74642,-111.5441,2,2,1,1,1,1,1,2,1,1,8,8,5,5,5,5
CBP,164,164_16A,24.74642,-111.5441,2,2,1,4,1,1,1,1,1,2,7,8,5,5,5,5
CBP,164,164_18A,24.74642,-111.5441,2,2,1,1,1,1,2,2,1,1,7,8,5,5,5,5
CBP,164,164_19A,24.74642,-111.5441,2,2,4,4,1,1,1,2,1,2,8,8,5,5,5,6
CBP,164,164_20A,24.74642,-111.5441,1,2,1,3,1,1,2,2,1,2,8,8,5,5,5,5
CBP,164,164_21A,24.74642,-111.5441,1,1,1,3,1,1,1,2,2,2,8,8,5,5,5,5
CBP,164,164_22A,24.74642,-111.5441,1,2,4,4,1,1,2,2,1,2,8,8,5,5,5,5
CBP,75,75_28A,24.58843,-110.74599,2,2,2,2,1,1,1,1,2,2,5,5,3,3,18,19
CBP,75,75_29A,24.58843,-110.74599,1,2,-9,-9,1,1,2,2,-9,-9,-9,-9,3,3,18,18
CBP,75,75_30A,24.58843,-110.74599,2,2,2,2,1,2,1,2,-9,-9,-9,-9,2,2,18,18
CBP,75,75_31A,24.58843,-110.74599,2,2,2,2,1,2,1,1,2,2,4,4,3,3,18,18
CBP,75,75_32A,24.58843,-110.74599,2,2,2,2,1,2,1,1,2,2,5,5,3,3,17,18
CBP,75,75_33A,24.58843,-110.74599,2,2,2,2,1,2,1,1,2,2,5,5,3,3,17,17
CBP,75,75_34A,24.58843,-110.74599,1,2,2,2,1,1,1,2,-9,-9,-9,-9,3,3,17,18
CBP,75,75_35A,24.58843,-110.74599,2,2,2,2,1,2,1,1,2,2,4,4,3,3,17,17
CBP,75,75_36A,24.58843,-110.74599,2,2,2,2,1,2,1,1,2,2,5,5,3,3,18,18
CBP,75,75_37A,24.58843,-110.74599,2,2,3,3,1,1,1,1,2,2,6,6,8,8,10,10
CBP,75,75_38A,24.58843,-110.74599,2,2,2,2,1,2,1,1,2,2,4,4,3,3,18,18
CBP,163,163_1A,24.2115,-110.951,2,2,2,2,2,2,1,1,2,2,3,5,3,3,18,18
CBP,163,163_2A,24.2115,-110.951,2,2,3,3,1,1,1,1,2,2,6,6,8,8,10,11
CBP,163,163_3A,24.2115,-110.951,2,2,3,3,1,1,1,1,2,2,6,6,8,8,11,11
CBP,163,163_4A,24.2115,-110.951,2,2,3,3,1,1,1,1,2,2,6,6,8,8,11,11
CBP,163,163_5A,24.2115,-110.951,2,2,3,3,1,1,1,1,2,2,6,6,8,8,11,11
CBP,163,163_6A,24.2115,-110.951,1,2,2,2,2,2,1,1,2,2,3,5,3,3,18,18
CBP,163,163_7A,24.2115,-110.951,2,2,3,3,1,1,1,1,2,2,6,6,8,8,11,11
CBP,163,163_9A,24.2115,-110.951,2,2,3,3,1,1,1,1,2,2,6,6,8,8,10,11
CBP,163,163_11A,24.2115,-110.951,1,2,2,2,2,2,1,1,2,2,3,3,3,3,18,18
CBP,163,163_12A,24.2115,-110.951,2,2,3,3,1,1,1,1,2,2,6,6,8,8,11,11
SBP,ESan,167_1A,24.45879,-110.36857,2,2,3,3,1,1,1,1,2,2,6,6,5,5,11,11
SBP,ESan,167_2A,24.45879,-110.36857,2,2,2,2,2,2,1,1,2,2,4,4,3,3,18,18
SBP,ESan,167_3A,24.45879,-110.36857,2,2,2,2,2,2,1,1,2,2,5,5,3,3,18,18
SBP,ESan,167_4A,24.45879,-110.36857,2,2,3,3,1,1,1,1,2,2,6,6,8,8,10,11
SBP,ESan,167_5A,24.45879,-110.36857,2,2,2,2,2,2,1,1,2,2,4,4,3,3,18,18
SBP,ESan,167_6A,24.45879,-110.36857,2,2,2,2,1,2,1,1,2,2,4,4,3,3,18,18
SBP,ESan,167_7A,24.45879,-110.36857,2,2,1,2,1,2,1,1,2,2,4,4,3,3,18,18
SBP,ESan,167_7B,24.45879,-110.36857,2,2,1,2,1,2,1,1,2,2,4,4,3,3,17,17
SBP,153,153_11A,24.13389,-110.46236,2,2,1,3,1,1,2,2,1,1,7,8,5,5,7,7
SBP,153,153_12A,24.13389,-110.46236,2,2,3,3,1,1,2,2,2,2,7,7,5,5,5,5
SBP,153,153_13A,24.13389,-110.46236,2,2,1,3,1,1,2,2,2,2,7,9,5,5,5,5
SBP,153,153_14A,24.13389,-110.46236,1,2,1,3,1,1,2,2,2,2,7,7,5,5,5,5
SBP,153,153_15A,24.13389,-110.46236,2,2,3,3,1,1,2,2,2,2,7,7,5,5,5,5
SBP,153,153_16A,24.13389,-110.46236,1,2,1,3,1,1,2,2,2,2,7,7,5,5,5,7
SBP,153,153_17A,24.13389,-110.46236,2,2,1,3,1,1,2,2,2,2,8,8,5,5,5,5
SBP,153,153_18A,24.13389,-110.46236,2,2,1,3,1,1,2,2,2,2,8,8,5,5,5,5
SBP,153,153_19A,24.13389,-110.46236,2,2,1,3,1,1,2,2,2,2,7,8,5,5,5,8
SBP,153,153_20A,24.13389,-110.46236,1,2,1,3,1,1,2,2,2,2,7,8,5,5,5,6
SBP,48,48_11A,24.21441,-110.27252,2,2,2,2,2,2,1,1,2,2,4,4,3,3,18,18
SBP,48,48_12A,24.21441,-110.27252,2,2,2,2,2,2,1,1,2,2,4,4,1,1,17,17
SBP,48,48_13A,24.21441,-110.27252,2,2,2,2,2,2,1,1,2,2,4,4,3,3,18,18
SBP,48,48_14A,24.21441,-110.27252,2,2,2,2,2,2,1,1,2,2,4,4,3,3,18,18
SBP,48,48_15A,24.21441,-110.27252,2,2,2,2,2,2,1,1,2,2,4,4,3,3,18,18
SBP,48,48_16A,24.21441,-110.27252,2,2,2,2,2,2,1,1,2,2,4,4,3,3,18,18
SBP,48,48_17A,24.21441,-110.27252,2,2,2,2,2,2,1,1,2,2,4,4,3,3,17,18
SBP,48,48_18A,24.21441,-110.27252,2,2,2,2,2,2,1,1,2,2,4,4,3,3,17,17
SBP,48,48_19A,24.21441,-110.27252,2,2,2,2,2,2,1,1,2,2,5,5,3,3,18,18
SBP,48,48_20A,24.21441,-110.27252,2,2,2,2,2,2,1,1,2,2,4,4,3,3,18,18
SBP,156,156_11A,24.0438,-109.989,2,2,2,2,2,2,1,1,2,2,5,5,3,3,18,18
SBP,156,156_12A,24.0438,-109.989,2,2,2,2,1,2,1,1,2,2,4,4,3,3,17,17
SBP,156,156_13A,24.0438,-109.989,2,2,2,2,1,2,1,1,2,2,4,4,3,6,18,18
SBP,156,156_14A,24.0438,-109.989,2,2,2,2,2,2,1,1,2,2,4,4,3,3,18,18
SBP,156,156_15A,24.0438,-109.989,2,2,1,1,2,2,1,1,2,2,4,4,3,3,16,17
SBP,156,156_16A,24.0438,-109.989,2,2,2,2,2,2,1,1,2,2,5,5,3,3,17,18
SBP,157,157_14A,24.0195,-110.096,2,2,2,2,2,2,1,1,2,2,5,5,3,3,17,18
SBP,157,157_15A,24.0195,-110.096,2,2,2,2,1,2,1,1,2,2,4,4,3,3,17,18
SBP,157,157_16A,24.0195,-110.096,2,2,1,3,1,1,1,1,2,2,6,6,5,5,11,11
SBP,157,157_17A,24.0195,-110.096,2,2,2,2,1,2,1,1,2,2,4,4,3,6,17,17
SBP,157,157_18A,24.0195,-110.096,2,2,2,2,1,2,1,1,2,2,4,4,3,6,18,18
SBP,157,157_19A,24.0195,-110.096,2,2,3,3,1,1,1,1,2,2,6,6,5,7,11,11
SBP,157,157_20A,24.0195,-110.096,2,2,2,2,1,2,1,1,2,2,4,4,3,3,18,18
SBP,157,157_21A,24.0195,-110.096,2,2,2,2,1,2,1,1,2,2,4,4,3,3,18,18
SBP,157,157_22A,24.0195,-110.096,2,2,2,2,2,2,1,1,2,2,4,4,3,3,17,18
SBP,157,157_23A,24.0195,-110.096,2,2,2,2,2,2,1,1,2,2,4,4,3,3,17,17
SBP,73,73_11A,24.00789,-109.85071,2,2,3,3,1,1,1,1,2,2,6,7,5,5,11,11
SBP,73,73_12A,24.00789,-109.85071,2,2,2,2,1,2,1,1,2,2,4,4,3,3,18,18
SBP,73,73_13A,24.00789,-109.85071,2,2,2,2,1,2,1,1,2,2,5,5,3,3,18,19
SBP,73,73_14A,24.00789,-109.85071,2,2,2,2,1,2,1,1,2,2,5,5,3,3,17,17
SBP,73,73_15A,24.00789,-109.85071,2,2,2,2,1,2,1,1,-9,-9,5,5,3,3,18,18
SBP,73,73_16A,24.00789,-109.85071,2,2,3,3,1,1,1,1,2,2,6,7,5,5,10,11
SBP,73,73_17A,24.00789,-109.85071,2,2,2,2,1,2,1,1,2,2,4,4,3,3,18,18
SBP,73,73_18A,24.00789,-109.85071,2,2,2,2,1,2,1,1,2,2,4,4,3,3,18,18
SBP,73,73_19A,24.00789,-109.85071,2,2,2,2,1,2,1,1,2,2,5,5,3,3,18,18
SBP,73,73_20A,24.00789,-109.85071,2,2,2,2,1,2,1,1,2,2,5,5,3,3,18,18
SBP,Aqu,174_11A,23.2855,-110.10429,1,2,2,2,1,2,1,1,2,2,5,5,3,3,18,18
SBP,Aqu,174_12A,23.2855,-110.10429,2,2,3,3,1,1,1,1,2,2,6,6,5,5,11,11
SBP,Aqu,174_13A,23.2855,-110.10429,2,2,3,3,1,1,1,1,2,2,6,6,5,5,10,10
SBP,Aqu,174_14A,23.2855,-110.10429,1,2,2,2,1,1,1,1,2,2,4,4,3,3,18,19
SBP,Aqu,174_15A,23.2855,-110.10429,2,2,2,2,2,2,1,1,2,2,4,4,3,3,18,18
SBP,Aqu,174_16A,23.2855,-110.10429,1,2,-9,-9,-9,-9,1,2,-9,-9,-9,-9,2,2,-9,-9
SBP,Aqu,174_17A,23.2855,-110.10429,2,2,2,2,2,2,1,1,2,2,4,4,3,3,18,18
SBP,Aqu,174_18A,23.2855,-110.10429,2,2,3,3,1,1,1,1,2,2,5,6,5,5,11,11
SBP,Mat,Mat1_1A,23.08984,-110.1091,2,2,1,1,2,2,1,1,2,2,4,4,3,3,18,18
SBP,Mat,Mat1_1B,23.08984,-110.1091,2,2,1,2,2,2,1,1,2,2,4,4,3,3,18,18
SBP,Mat,Mat1_1C,23.08984,-110.1091,2,2,1,1,2,2,1,1,2,2,5,5,3,3,17,18
SBP,Mat,Mat1_1D,23.08984,-110.1091,2,2,1,1,2,2,1,1,2,2,5,5,3,3,18,18
SBP,Mat,Mat1_3A,23.08984,-110.1091,1,2,-9,-9,-9,-9,1,2,-9,-9,-9,-9,5,5,-9,-9
SBP,98,98_12A,23.0757,-109.64869,2,2,3,3,1,1,1,1,2,2,6,6,5,5,10,11
SBP,98,98_13A,23.0757,-109.64869,2,2,1,1,2,2,1,1,2,2,5,5,3,3,18,18
SBP,98,98_14A,23.0757,-109.64869,2,2,1,1,2,2,1,1,2,2,5,5,3,3,18,18
SBP,98,98_15A,23.0757,-109.64869,2,2,1,1,2,2,1,1,2,2,5,5,3,3,18,18
SON,101,101_1A,27.90509,-110.57436,1,2,-9,-9,1,1,-9,-9,-9,-9,-9,-9,2,2,-9,-9
SON,101,101_2A,27.90509,-110.57436,2,2,1,1,1,1,1,1,-9,-9,-9,-9,2,2,13,13
SON,101,101_3A,27.90509,-110.57436,1,2,-9,-9,1,1,1,2,-9,-9,-9,-9,9,9,-9,-9
SON,101,101_4A,27.90509,-110.57436,2,2,1,1,3,3,1,2,1,1,11,11,2,2,13,14
SON,101,101_5A,27.90509,-110.57436,1,2,1,1,1,1,1,2,-9,-9,8,8,4,4,12,12
SON,101,101_6A,27.90509,-110.57436,1,2,1,1,3,3,1,2,-9,-9,-9,-9,2,2,12,12
SON,101,101_7A,27.90509,-110.57436,2,2,1,1,1,1,1,2,-9,-9,-9,-9,2,5,2,13
SON,101,101_8A,27.90509,-110.57436,2,2,1,1,3,3,1,1,-9,-9,-9,-9,2,2,2,12
SON,101,101_9A,27.90509,-110.57436,1,2,-9,-9,1,1,-9,-9,-9,-9,-9,-9,2,9,-9,-9
SON,101,101_10A,27.90509,-110.57436,2,2,1,1,1,3,1,1,-9,-9,-9,-9,2,9,11,12
SON,32,32_1A,26.63783,-109.327,1,2,1,3,1,1,1,2,2,2,-9,-9,2,2,12,13
SON,32,32_3A,26.63783,-109.327,2,2,1,1,3,3,1,1,2,2,11,11,2,4,13,13
SON,32,32_4A,26.63783,-109.327,2,2,1,1,3,4,1,1,2,2,11,11,2,2,3,12
SON,32,32_5A,26.63783,-109.327,1,2,1,1,3,3,1,1,2,2,11,11,2,2,3,13
SON,32,32_6A,26.63783,-109.327,2,2,1,1,3,3,1,1,2,2,11,11,2,2,12,12
SON,32,32_7A,26.63783,-109.327,2,2,1,1,3,3,1,1,2,2,11,11,2,2,12,13
SON,32,32_8A,26.63783,-109.327,1,2,1,1,3,3,1,1,2,2,11,11,2,2,2,14
SON,32,32_9A,26.63783,-109.327,2,2,1,1,3,3,1,1,2,2,12,12,2,3,12,12
SON,32,32_10A,26.63783,-109.327,2,2,1,1,3,3,1,1,2,2,12,12,2,2,13,13
SON,32,32_12A,26.63783,-109.327,2,2,1,1,3,3,1,1,2,2,11,11,2,2,2,10
SON,32,32_14A,26.63783,-109.327,1,1,1,1,3,4,1,1,2,2,12,12,2,2,11,13
SON,32,32_16A,26.63783,-109.327,1,2,1,1,3,4,1,1,2,2,8,12,2,4,1,12
SON,32,32_18A,26.63783,-109.327,1,2,1,1,4,4,1,1,2,2,11,11,2,2,3,13
SON,32,32_20A,26.63783,-109.327,2,2,1,1,3,4,1,1,2,2,10,11,2,2,11,11
SON,32,32_43A,26.63783,-109.327,1,2,1,1,3,3,1,1,2,2,12,12,2,2,10,13
SON,32,32_44A,26.63783,-109.327,2,2,1,1,3,3,1,1,2,2,12,12,2,2,2,10
SON,32,32_45A,26.63783,-109.327,1,2,1,1,3,4,1,1,2,2,8,11,2,2,2,14
SON,32,32_46A,26.63783,-109.327,2,2,1,1,3,3,1,1,2,2,11,11,2,2,3,13
SON,32,32_47A,26.63783,-109.327,2,2,1,1,3,4,1,1,2,2,11,11,2,2,11,12
SON,102,102_11A,26.38014,-109.12633,2,2,-9,-9,1,3,1,2,-9,-9,-9,-9,2,9,9,9
SON,102,102_12A,26.38014,-109.12633,1,2,-9,-9,1,3,1,2,-9,-9,-9,-9,2,9,3,12
SON,102,102_13A,26.38014,-109.12633,1,2,1,1,3,3,1,2,-9,-9,-9,-9,2,2,3,12
SON,102,102_14A,26.38014,-109.12633,1,2,-9,-9,-9,-9,1,2,-9,-9,-9,-9,2,2,2,5
SON,102,102_15A,26.38014,-109.12633,1,2,1,1,3,3,1,1,-9,-9,-9,-9,2,2,11,12
SON,102,102_16A,26.38014,-109.12633,1,2,-9,-9,3,3,1,2,-9,-9,11,11,2,2,11,13
SON,102,102_17A,26.38014,-109.12633,2,2,1,1,1,1,1,1,-9,-9,-9,-9,2,2,12,12
SON,102,102_18A,26.38014,-109.12633,1,2,1,1,3,3,1,2,-9,-9,-9,-9,2,2,12,12
SON,102,102_19A,26.38014,-109.12633,2,2,1,1,3,3,1,2,-9,-9,-9,-9,2,2,3,13